{
  "mae": 0.042879238855567034,
  "rows": 52495,
  "features": 26,
  "target_min": 0.0063058862268518,
  "target_max": 80.28871864276681
}