{
  "mae": 0.0750204261730375,
  "rows": 1353,
  "features": 273,
  "target_min": 0.0,
  "target_max": 75.08218457344229
}